[{ "id": "Welcome", "parent" : "#", "text": "Welcome", "a_attr": {"href": "Welcome.html"}  },{ "id": "GettingStarted", "parent" : "#", "text": "Getting Started", "a_attr": {"href": "GettingStarted.html"}  },{ "id": "Whatareisometrics", "parent" : "#", "text": "What are isometrics?", "a_attr": {"href": "Whatareisometrics.html"}  },{ "id": "TipsandTricks", "parent" : "#", "text": "Tips and Tricks", "a_attr": {"href": "TipsandTricks.html"}  },{ "id": "ChangesLog", "parent" : "#", "text": "Changes Log", "a_attr": {"href": "ChangesLog.html"}  },{ "id": "ContactingUs", "parent" : "#", "text": "Contacting Us", "a_attr": {"href": "ContactingUs.html"}  }]